laptop,109443289_b3edb30465_o.jpg
violin,109877767_ff8f921b95_o.jpg
Chihuahua,112568527_4afd965e6d_o.jpg
airliner,1322285840_13371404fb_o.jpg
German_shepherd,145039929_c699b8f866_o.jpg
laptop,155096186_4fdfed77c9_o.jpg
violin,160570428_2040c5298b_o.jpg
German_shepherd,211079993_c9e9a3508d_o.jpg
church,211962450_317eda6dbc_o.jpg
German_shepherd,224039495_a0713c10d4_o.jpg
tabby,2339481262_9b28130275_o.jpg
tabby,2344176829_7df1d61e13_o.jpg
violin,238399657_2cab047e27_o.jpg
tabby,2401371232_55b19d7faf_o.jpg
church,2412484421_151951684a_o.jpg
violin,2417256829_886bf41e29_o.jpg
German_shepherd,268281342_2117a41a98_o.jpg
church,306864929_c7a5351ebb_o.jpg
Chihuahua,332070599_1eef2b4ef9_o.jpg
German_shepherd,33518818093_e1cb903449_o.jpg
laptop,338682343_53377501fc_o.jpg
Arabian_camel,33996916835_b10f6e2ddd_o.jpg
violin,34442615_d709d1a2e0_o.jpg
violin,36156629280_1bc82041c9_o.jpg
church,36314552682_476e854e6c_o.jpg
violin,36511950852_12385140c4_o.jpg
church,37109776043_fb86431426_o.jpg
acoustic_guitar,37124855575_f102cf470c_o.jpg
church,38067783776_f4b85f2697_o.jpg
German_shepherd,383986829_65a6911ce9_o.jpg
violin,3862575456_89084ce644_o.jpg
tabby,38851691005_a7a46705a3_o.jpg
violin,3963017378_e07e93ef2b_o.jpg
German_shepherd,3970268741_d264cfa0ae_o.jpg
Arabian_camel,3971801573_4393163307_o.jpg
violin,3986717665_b75a7b54b5_o.jpg
violin,4020061139_683f3c7e17_o.jpg
tabby,40412184490_e5ab6bc35c_o.jpg
violin,4045054988_a6d7519ebc_o.jpg
violin,40651833692_320e1f7fe1_o.jpg
Chihuahua,4111963443_00a8a07a0f_o.jpg
violin,4112317638_37aed2a802_o.jpg
church,475252798_beb7334443_o.jpg
church,479707595_92cc963671_o.jpg
laptop,52062370_6ea54397d1_o.jpg
Chihuahua,60113299_f80aca1d24_o.jpg
tabby,96380377_0c42619ac8_o.jpg
